{"cameraMode":{"drawMode":31,"name":"Sprite Mask","section":"Miscellaneous"},"sceneLighting":true,"audioPlay":false,"sceneViewState":{"showFog":false,"showMaterialUpdate":false,"showSkybox":false,"showFlares":false,"showImageEffects":false,"showParticleSystems":false},"in2DMode":false,"pivot":{"x":-3.203117609024048,"y":-1.3296668529510499,"z":-174.52024841308595},"rotation":{"x":-0.006509816274046898,"y":-0.9991414546966553,"z":0.024232979863882066,"w":0.03304726630449295},"size":55.13645935058594,"orthographic":false}